ID,prediction
4359,0
17096,0
7542,0
4777,0
3550,0
21189,0
21819,0
18538,0
25582,0
28946,0
22467,0
13916,0
22527,0
4407,0
1557,0
9736,0
27863,0
11635,0
28805,0
14127,0
5864,0
24350,0
8317,0
16117,0
20903,0
4579,0
24603,0
19735,0
21285,0
2119,0
2399,0
7057,0
6296,0
25290,0
18458,0
23235,0
19704,0
16698,0
4952,0
317,0
5888,0
13473,0
5591,0
19504,0
11051,0
24586,0
26553,0
1260,0
7598,0
26848,0
26784,0
4327,0
21401,0
18826,0
25359,0
1677,0
15025,0
13816,0
25603,0
8920,0
21208,0
23168,0
21911,0
18320,0
26923,0
2202,0
25889,0
6658,0
15096,0
21055,0
14792,0
15193,0
16477,0
13118,0
660,0
15153,0
1532,0
4116,0
9828,0
2273,0
4187,0
22954,0
15731,0
25192,0
15604,0
29639,0
15880,0
22419,0
2480,0
12815,0
16287,0
16070,0
192,0
6536,0
8158,0
1026,0
19393,0
14838,0
5869,0
10951,0
13781,0
24378,0
25514,0
14840,0
466,0
29468,0
25728,0
19022,0
24832,0
22732,0
14874,0
17689,0
26765,0
5029,0
415,0
29658,0
15459,0
28242,0
23483,0
9171,0
28350,0
23108,0
9042,0
29091,0
7666,0
3397,0
26078,0
24930,0
10365,0
11311,0
2236,0
15049,0
28577,0
13925,0
502,0
14103,0
25417,0
24579,0
27949,0
5915,0
3117,0
10012,0
6367,0
23338,0
10203,0
14584,0
25410,0
1148,0
7328,0
7,0
21766,0
25044,0
9406,0
25016,0
13991,0
23348,0
15967,0
3516,0
20972,0
7551,0
10404,0
1607,0
9704,0
9826,0
15076,0
22999,0
2439,0
4970,0
8062,0
12770,0
20065,0
18253,0
8384,0
22362,0
25090,0
5924,0
2415,0
4231,0
19124,0
18976,0
28103,0
15912,0
19710,0
28364,0
3683,0
25267,0
8441,0
29531,0
7368,0
10325,0
10446,0
7290,0
3759,0
11610,0
10665,0
29202,0
8098,0
29772,0
21300,0
24693,0
3049,0
3577,0
802,0
5481,0
6546,0
4770,0
23737,0
15748,0
19232,0
12331,0
421,0
29471,0
9423,0
21794,0
19938,0
24705,0
10017,0
4918,0
21083,0
4512,0
1828,0
20486,0
21015,0
2962,0
17113,0
23,0
10841,0
9928,0
15092,0
6269,0
5299,0
12511,0
29493,0
8414,0
5704,0
28382,0
19622,0
15791,0
15725,0
10235,0
22218,0
28431,0
27808,0
15691,0
12710,0
20085,0
752,0
14700,0
11308,0
27775,0
25244,0
4337,0
6761,0
2353,0
1172,0
14414,0
291,0
16419,0
26339,0
3358,0
3504,0
217,0
17396,0
8577,0
17279,0
7774,0
20632,0
5768,0
7974,0
18816,0
17507,0
18300,0
5619,0
8520,0
5937,0
25399,0
7296,0
25283,0
3312,0
21160,0
3264,0
10035,0
21100,0
15401,0
25723,0
25205,0
26693,0
17174,0
19464,0
10524,0
14671,0
11945,0
8007,0
12555,0
15655,0
1891,0
23727,0
29861,0
24215,0
20011,0
13134,0
15593,0
26322,0
29987,0
8349,0
19646,0
23164,0
11234,0
23013,0
20057,0
11583,0
26883,0
23012,0
5056,0
4525,0
11755,0
23146,0
22253,0
26572,0
4695,0
24142,0
21143,0
10076,0
4664,0
28632,0
14212,0
24988,0
12251,0
10329,0
25393,0
19007,0
17562,0
2211,0
11080,0
6766,0
7608,0
7555,0
16313,0
4509,0
7431,0
29234,0
16923,0
24444,0
25873,0
2627,0
27056,0
5183,0
24595,0
5036,0
1454,0
586,0
3996,0
22031,0
7285,0
27379,0
5344,0
750,0
2791,0
28144,0
17899,0
1001,0
27428,0
17023,0
16415,0
10974,0
22872,0
29566,0
6001,0
19092,0
3291,0
16122,0
14556,0
9823,0
5326,0
16430,0
26306,0
15787,0
4215,0
5139,0
8850,0
29904,0
29264,0
3947,0
18663,0
2218,0
22302,0
9628,0
8646,0
19160,0
29882,0
11479,0
18944,0
3899,0
27315,0
7771,0
25901,0
13556,0
2203,0
3287,0
29150,0
19376,0
24910,0
22727,0
2760,0
22526,0
9147,0
12413,0
18613,0
2829,0
19794,0
6326,0
28337,0
24186,0
8056,0
14115,0
12465,0
27435,0
25760,0
17149,0
17234,0
15024,0
12597,0
7723,0
9127,0
29520,0
3256,0
1915,0
16557,0
13289,0
23916,0
7175,0
27504,0
19285,0
9691,0
27725,0
25376,0
4036,0
23416,0
26280,0
12035,0
11090,0
1321,0
5842,0
21621,0
20317,0
27264,0
21603,0
28137,0
4852,0
13396,0
5718,0
27658,0
23777,0
20965,0
15368,0
13851,0
2883,0
17620,0
8472,0
29495,0
18527,0
24828,0
8532,0
13133,0
22287,0
1888,0
2638,0
15480,0
19878,0
4298,0
98,0
513,0
18765,0
25492,0
15672,0
7488,0
4900,0
16554,0
8181,0
582,0
12918,0
5201,0
15688,0
5230,0
6576,0
8271,0
14691,0
29218,0
1379,0
28778,0
5681,0
503,0
2002,0
5551,0
22721,0
11228,0
12327,0
26315,0
29123,0
9330,0
9473,0
18144,0
12207,0
2222,0
29503,0
631,0
22507,0
2267,0
9398,0
22835,0
13007,0
14157,0
5527,0
9746,0
5392,0
10948,0
12658,0
14825,0
26950,0
29391,0
15785,0
8,0
22170,0
27116,0
26682,0
28489,0
20044,0
26371,0
1631,0
2872,0
23548,0
16298,0
12988,0
19932,0
13016,0
24953,0
18619,0
26210,0
23938,0
8892,0
20401,0
17253,0
29400,0
9680,0
8243,0
12235,0
2559,0
16598,0
3070,0
13825,0
26340,0
18727,0
14387,0
26958,0
5181,0
24791,0
1736,0
16651,0
6601,0
17902,0
25671,0
13565,0
26021,0
12869,0
161,0
4878,0
6292,0
22299,0
15374,0
17129,0
26027,0
8297,0
7571,0
12801,0
6366,0
2059,0
24555,0
4197,0
1973,0
9799,0
15324,0
19527,0
7580,0
7096,0
8336,0
18802,0
14572,0
12244,0
4680,0
11550,0
5787,0
6489,0
8541,0
1665,0
15383,0
304,0
23662,0
10014,0
15118,0
8391,0
17269,0
6068,0
17324,0
8993,0
24714,0
13286,0
726,0
15117,0
18145,0
11732,0
25783,0
27183,0
25298,0
13262,0
19242,0
2055,0
348,0
4379,0
14854,0
20966,0
6807,0
7846,0
10198,0
12917,0
25851,0
23890,0
16916,0
18472,0
26779,0
24437,0
1565,0
20566,0
28618,0
27194,0
5091,0
19609,0
21682,0
2272,0
28657,0
8738,0
8396,0
6153,0
25569,0
20773,0
1832,0
14410,0
18768,0
9773,0
27238,0
13760,0
12679,0
4403,0
22664,0
28681,0
4477,0
5102,0
8240,0
8787,0
5171,0
22638,0
18177,0
6130,0
22093,0
28279,0
19377,0
11108,0
8199,0
6921,0
6596,0
17845,0
365,0
18841,0
21224,0
16870,0
15413,0
18464,0
10327,0
4990,0
23154,0
24087,0
26323,0
7430,0
7934,0
22939,0
18481,0
10587,0
22690,0
15588,0
10530,0
8907,0
10923,0
29165,0
9341,0
24966,0
14516,0
1023,0
2485,0
9362,0
1622,0
18299,0
22551,0
11246,0
21037,0
18740,0
705,0
17844,0
29734,0
22397,0
7397,0
641,0
29318,0
19315,0
26096,0
21707,0
25432,0
24964,0
7553,0
12289,0
27781,0
11526,0
26299,0
14342,0
26242,0
8835,0
4453,0
2494,0
1663,0
12769,0
24674,0
18429,0
10741,0
18956,0
24723,0
24076,0
5664,0
24546,0
7229,0
11444,0
20462,0
15369,0
28901,0
6797,0
23186,0
25761,0
2418,0
26529,0
6334,0
3047,0
22755,0
16107,0
19924,0
27347,0
19196,0
7916,0
6272,0
15457,0
11813,0
5625,0
28081,0
23084,0
11564,0
16441,0
11190,0
17954,0
17603,0
24514,0
7909,0
13141,0
29322,0
28660,0
8026,0
10807,0
15219,0
19079,0
2642,0
5816,0
16175,0
14375,0
8254,0
15075,0
3708,0
4448,0
7288,0
12238,0
27371,0
17509,0
6235,0
27360,0
24224,0
8772,0
4446,0
21474,0
5114,0
22750,0
18506,0
1777,0
26300,0
16,0
19858,0
25880,0
20836,0
7262,0
5497,0
6499,0
25711,0
1317,0
18748,0
24014,0
28298,0
14532,0
27772,0
19293,0
13695,0
15040,0
21666,0
21629,0
5578,0
19767,0
1765,0
26507,0
23198,0
6042,0
15177,0
8658,0
1661,0
23742,0
15732,0
28462,0
18361,0
10907,0
14990,0
14708,0
16464,0
18751,0
17467,0
29784,0
22245,0
24947,0
22572,0
4583,0
13304,0
12882,0
9464,0
5110,0
19227,0
14402,0
5500,0
52,0
6048,0
7713,0
28062,0
14014,0
7751,0
25527,0
18217,0
4690,0
2729,0
29541,0
20154,0
4463,0
13583,0
25956,0
19032,0
12747,0
29370,0
28255,0
16571,0
24104,0
7964,0
29803,0
26579,0
25721,0
10163,0
14355,0
12145,0
10737,0
22404,0
20858,0
3748,0
1508,0
17266,0
28432,0
24498,0
9585,0
23207,0
16051,0
25098,0
1893,0
25664,0
10131,0
9192,0
21428,0
22241,0
5769,0
2630,0
1996,0
27446,0
15619,0
9659,0
23471,0
7374,0
774,0
28210,0
14033,0
2009,0
17139,0
20232,0
19396,0
27753,0
16163,0
9513,0
24712,0
18193,0
2911,0
27790,0
14159,0
8998,0
14645,0
18553,0
13116,0
16957,0
10811,0
22533,0
3485,0
10242,0
16427,0
16604,0
8811,0
13011,0
13228,0
5599,0
28066,0
14171,0
4339,0
18621,0
19796,0
5022,0
11745,0
7888,0
992,0
7669,0
13486,0
6,0
21975,0
23509,0
20432,0
8661,0
12771,0
9848,0
28175,0
23069,0
25521,0
26448,0
5469,0
8407,0
11249,0
18595,0
16947,0
27807,0
6486,0
24031,0
9873,0
26001,0
27843,0
18877,0
12810,0
14938,0
17330,0
17916,0
10992,0
18073,0
19663,0
27691,0
15328,0
19070,0
14249,0
29289,0
5322,0
29132,0
172,0
18199,0
29489,0
25817,0
26119,0
13364,0
21038,0
21387,0
16192,0
13357,0
18074,0
7764,0
18228,0
22535,0
18406,0
27864,0
9078,0
746,0
12998,0
6052,0
3200,0
29041,0
22457,0
1773,0
16368,0
17635,0
662,0
7793,0
4171,0
15416,0
25568,0
17961,0
19113,0
26395,0
17851,0
12624,0
13369,0
2431,0
24355,0
20449,0
11186,0
23193,0
6568,0
4410,0
2361,0
1196,0
17063,0
9695,0
19102,0
21025,0
6918,0
6226,0
14093,0
8743,0
27214,0
18796,0
3551,0
8829,0
18037,0
14954,0
10831,0
18722,0
27499,0
11883,0
14072,0
18927,0
509,0
27880,0
11649,0
3008,0
24578,0
12040,0
27944,0
3389,0
23281,0
21259,0
26854,0
14340,0
1548,0
26602,0
6339,0
25967,0
27256,0
10880,0
25857,0
2959,0
3407,0
25579,0
1685,0
8513,0
2855,0
18508,0
29598,0
9477,0
20690,0
8318,0
382,0
3858,0
448,0
29968,0
10809,0
11416,0
28218,0
18614,0
6158,0
8876,0
12628,0
24835,0
19813,0
16021,0
22300,0
3819,0
7234,0
19898,0
18028,0
19572,0
29063,0
15054,0
11922,0
24322,0
6022,0
13236,0
27119,0
21379,0
22162,0
25575,0
1605,0
29580,0
12266,0
13400,0
3601,0
803,0
11933,0
12193,0
20594,0
25875,0
24429,0
16762,0
7163,0
19214,0
3778,0
7886,0
2522,0
10503,0
17806,0
11031,0
14602,0
13712,0
22329,0
15233,0
13550,0
9415,0
20741,0
28820,0
21360,0
21724,0
26093,0
28862,0
7906,0
21140,0
24046,0
29349,0
6483,0
21248,0
11081,0
2342,0
20933,0
18684,0
22904,0
24377,0
27291,0
12666,0
17440,0
22989,0
9705,0
10805,0
5239,0
4072,0
25532,0
1484,0
2970,0
26438,0
4554,0
2878,0
19827,0
28619,0
18836,0
19860,0
19929,0
1206,0
26661,0
17621,0
22047,0
28955,0
29965,0
11923,0
20892,0
22325,0
7038,0
4628,0
11188,0
7433,0
24522,0
26422,0
2999,0
22166,0
19577,0
3288,0
19010,0
8796,0
22636,0
10541,0
13110,0
14435,0
16844,0
908,0
17980,0
5420,0
8039,0
21377,0
6932,0
986,0
17356,0
16977,0
14636,0
12764,0
28519,0
23399,0
18547,0
13148,0
16170,0
17261,0
23504,0
20509,0
24211,0
6195,0
2593,0
18693,0
25100,0
22089,0
7766,0
29696,0
12303,0
21172,0
19047,0
23180,0
27968,0
15630,0
15176,0
13512,0
431,0
9400,0
16567,0
12816,0
7613,0
3875,0
7346,0
2629,0
25024,0
22674,0
28768,0
14526,0
10931,0
29125,0
17012,0
28083,0
8706,0
16124,0
5834,0
4613,0
25099,0
8780,0
21856,0
25000,0
2128,0
27682,0
29365,0
12018,0
874,0
576,0
26896,0
29342,0
27622,0
4670,0
11817,0
4162,0
28685,0
19729,0
5292,0
23020,0
16109,0
13308,0
2812,0
14686,0
27155,0
8235,0
25487,0
24057,0
22385,0
3141,0
3629,0
24777,0
14333,0
24637,0
5629,0
20146,0
16828,0
3351,0
16605,0
11917,0
19750,0
5839,0
27897,0
13734,0
8118,0
25225,0
29735,0
9380,0
11427,0
737,0
18282,0
2409,0
4390,0
8444,0
19310,0
19318,0
21784,0
20343,0
5582,0
24969,0
7281,0
23841,0
13553,0
16342,0
20348,0
339,0
26125,0
10400,0
10065,0
10881,0
23957,0
3413,0
24651,0
4995,0
2441,0
5427,0
274,0
24526,0
19264,0
4797,0
4974,0
13155,0
2896,0
21001,0
16561,0
14933,0
4256,0
24805,0
8819,0
15341,0
18383,0
227,0
13993,0
23829,0
13282,0
16039,0
25590,0
3318,0
8992,0
24708,0
13880,0
29974,0
20568,0
961,0
2724,0
13975,0
10566,0
28479,0
381,0
21405,0
22474,0
29309,0
2118,0
18260,0
4913,0
15533,0
16047,0
535,0
12002,0
7998,0
25247,0
23908,0
7145,0
12571,0
26482,0
21149,0
20151,0
20341,0
17587,0
8174,0
29151,0
28287,0
12807,0
6525,0
24175,0
783,0
15159,0
20137,0
211,0
21447,0
16050,0
22737,0
15426,0
24732,0
3170,0
20292,0
1704,0
12177,0
4638,0
22452,0
3184,0
9615,0
18511,0
953,0
22443,0
12622,0
3887,0
9103,0
21679,0
4118,0
25899,0
21117,0
19946,0
1510,0
2721,0
18922,0
4781,0
9134,0
29421,0
5949,0
13033,0
25051,0
11411,0
5425,0
22143,0
18034,0
25400,0
1461,0
26466,0
23956,0
15685,0
1445,0
25897,0
19419,0
16931,0
2849,0
26232,0
15713,0
4418,0
550,0
1025,0
12272,0
6914,0
28894,0
16391,0
14427,0
20578,0
16937,0
25231,0
4553,0
2645,0
3479,0
2030,0
29569,0
27300,0
23517,0
8904,0
15444,0
15487,0
27496,0
27988,0
20763,0
12762,0
23062,0
29584,0
26260,0
300,0
17488,0
11569,0
7930,0
24973,0
2271,0
5298,0
13708,0
29333,0
16356,0
23132,0
3182,0
6258,0
6111,0
3224,0
12556,0
7570,0
4872,0
17238,0
11838,0
4235,0
19094,0
3467,0
29913,0
10658,0
13606,0
341,0
19147,0
27976,0
22698,0
9690,0
29357,0
2175,0
23858,0
5141,0
4223,0
17150,0
5442,0
16034,0
18897,0
19667,0
24291,0
7524,0
12446,0
419,0
15656,0
7883,0
10910,0
15541,0
28305,0
24245,0
9138,0
13307,0
10620,0
19122,0
11212,0
15759,0
23177,0
5349,0
7401,0
23838,0
23541,0
20303,0
10079,0
15793,0
28838,0
16741,0
5705,0
2681,0
8433,0
27778,0
26524,0
7943,0
22965,0
3558,0
16202,0
22676,0
19880,0
19482,0
18571,0
6465,0
19952,0
87,0
15494,0
18010,0
17259,0
3552,0
28057,0
25997,0
13645,0
15115,0
6170,0
22946,0
7939,0
27543,0
272,0
3399,0
15908,0
8745,0
19016,0
4123,0
18414,0
18655,0
14147,0
25039,0
29291,0
17852,0
252,0
23196,0
83,0
22389,0
6924,0
29029,0
10021,0
27552,0
15190,0
26910,0
14382,0
12712,0
24290,0
22350,0
3219,0
26189,0
26255,0
9898,0
17116,0
18254,0
27382,0
27306,0
5358,0
27814,0
15857,0
4255,0
23342,0
7168,0
17289,0
19742,0
10852,0
6781,0
19115,0
7522,0
21511,0
11740,0
26937,0
27759,0
835,0
225,0
17559,0
4671,0
22156,0
2725,0
386,0
25883,0
25216,0
19835,0
5196,0
14031,0
4218,0
23420,0
20183,0
6304,0
23495,0
6144,0
975,0
2663,0
27425,0
29049,0
11384,0
21739,0
15828,0
6704,0
3174,0
22974,0
13819,0
14339,0
27023,0
29737,0
4068,0
7547,0
22390,0
6493,0
11720,0
23349,0
4962,0
20339,0
22353,0
8729,0
8480,0
29382,0
12004,0
26421,0
6530,0
25493,0
26844,0
19162,0
19564,0
22061,0
16077,0
5491,0
28256,0
20059,0
26838,0
19132,0
23356,0
25171,0
17605,0
6548,0
2196,0
6196,0
11957,0
26320,0
27353,0
10194,0
20891,0
2923,0
29203,0
26619,0
22706,0
18933,0
25553,0
21391,0
17878,0
23929,0
13055,0
12162,0
21165,0
12464,0
17416,0
3022,0
16570,0
6390,0
20482,0
5275,0
11834,0
21530,0
1421,0
11045,0
11039,0
13905,0
21711,0
2425,0
21623,0
21521,0
25954,0
10370,0
23708,0
24421,0
22814,0
5537,0
25426,0
1617,0
11724,0
18891,0
17367,0
27320,0
2010,0
16214,0
20684,0
25005,0
23651,0
12363,0
3480,0
26800,0
21296,0
14511,0
20539,0
28383,0
3622,0
16271,0
8720,0
15899,0
3862,0
4475,0
6368,0
25277,0
12366,0
20653,0
17437,0
9619,0
19202,0
20789,0
13859,0
8173,0
6376,0
12686,0
13466,0
19986,0
24050,0
3188,0
5880,0
6715,0
26791,0
3580,0
11306,0
19779,0
4925,0
5661,0
5234,0
26724,0
29189,0
8921,0
11204,0
13740,0
15600,0
7467,0
25695,0
13590,0
23497,0
996,0
21043,0
19287,0
27007,0
6301,0
10068,0
15154,0
22536,0
9894,0
1858,0
19324,0
3905,0
14501,0
1638,0
10863,0
28485,0
28379,0
7479,0
24283,0
5966,0
28190,0
17580,0
4868,0
4727,0
29394,0
9032,0
13323,0
18970,0
16618,0
11621,0
13084,0
29403,0
28730,0
1982,0
9013,0
7638,0
18807,0
11449,0
12534,0
18047,0
2315,0
11006,0
21374,0
17471,0
12472,0
25403,0
23897,0
29446,0
24649,0
18160,0
269,0
26893,0
24434,0
27198,0
10317,0
29306,0
21088,0
13807,0
10396,0
24063,0
21048,0
4718,0
28715,0
342,0
16944,0
10733,0
7218,0
29170,0
15027,0
17731,0
24276,0
11914,0
17679,0
9825,0
18895,0
18806,0
17233,0
2776,0
9508,0
5585,0
26971,0
23985,0
15758,0
9115,0
24327,0
14110,0
24596,0
19145,0
22887,0
20116,0
1309,0
21692,0
10391,0
25925,0
6892,0
902,0
22927,0
12522,0
20444,0
28916,0
18327,0
18628,0
28297,0
28327,0
9815,0
28656,0
14292,0
14324,0
7610,0
25915,0
10603,0
24214,0
29326,0
20626,0
240,0
27399,0
359,0
17117,0
20657,0
21882,0
8654,0
29855,0
15856,0
21301,0
6471,0
15992,0
3380,0
4360,0
23377,0
10686,0
5907,0
8741,0
1632,0
18736,0
7377,0
4759,0
19338,0
11823,0
20374,0
12739,0
27289,0
22190,0
17202,0
23086,0
1945,0
22870,0
8131,0
17419,0
4873,0
27042,0
26155,0
1189,0
28118,0
11996,0
28598,0
2239,0
4246,0
24436,0
16853,0
6071,0
1092,0
19412,0
29103,0
4729,0
9644,0
13709,0
26407,0
13675,0
24018,0
19503,0
27312,0
5129,0
5272,0
15635,0
16476,0
14174,0
17709,0
3616,0
25348,0
19027,0
11625,0
28401,0
9753,0
10655,0
11002,0
4735,0
26057,0
13646,0
17889,0
14243,0
15663,0
9490,0
2179,0
22809,0
10491,0
4362,0
22205,0
7342,0
10187,0
3436,0
20480,0
27761,0
7732,0
17112,0
6971,0
20563,0
27277,0
17992,0
1163,0
21799,0
1771,0
29229,0
19420,0
15704,0
26354,0
9986,0
17657,0
19919,0
21159,0
10738,0
19600,0
27970,0
8328,0
9047,0
25775,0
21122,0
15415,0
17538,0
9068,0
7962,0
26949,0
12596,0
27657,0
18634,0
21368,0
15231,0
12274,0
23955,0
9886,0
28411,0
8046,0
28931,0
20103,0
7480,0
17974,0
28763,0
19584,0
9100,0
3684,0
24818,0
7496,0
28869,0
11876,0
26276,0
25764,0
13311,0
19220,0
2110,0
5210,0
3236,0
26052,0
13823,0
1727,0
12608,0
2662,0
14927,0
28839,0
10830,0
23204,0
16127,0
12550,0
23125,0
3342,0
5970,0
18035,0
20783,0
13361,0
24867,0
2308,0
10454,0
28713,0
23744,0
4271,0
28534,0
614,0
17745,0
21765,0
18573,0
3321,0
9620,0
20678,0
22192,0
24137,0
19502,0
26869,0
20192,0
635,0
17831,0
16820,0
16759,0
6472,0
27752,0
9466,0
22769,0
5905,0
4848,0
9933,0
13596,0
26722,0
6672,0
3756,0
25373,0
13836,0
13414,0
9295,0
18627,0
19269,0
24812,0
11562,0
25587,0
26313,0
8394,0
27417,0
7601,0
15227,0
6764,0
23102,0
20084,0
1010,0
18951,0
928,0
2170,0
21651,0
20584,0
8984,0
20212,0
16320,0
12350,0
16871,0
27039,0
19591,0
26451,0
22825,0
21616,0
7396,0
15241,0
14337,0
27455,0
25284,0
10519,0
17380,0
9922,0
23082,0
2854,0
17119,0
16837,0
21929,0
19383,0
19597,0
9662,0
10876,0
2498,0
7196,0
21180,0
9306,0
16744,0
14890,0
14755,0
10804,0
24683,0
5652,0
21761,0
25976,0
22306,0
27105,0
26013,0
4704,0
7851,0
26229,0
14683,0
17693,0
1271,0
12714,0
20419,0
23435,0
21141,0
24121,0
8290,0
11594,0
19761,0
2113,0
25071,0
9646,0
9116,0
27711,0
14313,0
3317,0
12561,0
27495,0
24937,0
27982,0
6307,0
20104,0
29691,0
24077,0
15083,0
11480,0
14471,0
2022,0
27324,0
26019,0
4955,0
17281,0
16607,0
15038,0
23311,0
4156,0
18907,0
23605,0
7167,0
16993,0
3124,0
12192,0
357,0
27456,0
28014,0
29433,0
12483,0
15808,0
28861,0
12295,0
5592,0
27129,0
14546,0
3360,0
23766,0
27698,0
28844,0
7918,0
27788,0
24065,0
19429,0
29024,0
6844,0
1499,0
25884,0
23353,0
28674,0
13483,0
2573,0
5719,0
10590,0
6236,0
29310,0
4025,0
23294,0
21185,0
9036,0
3086,0
27071,0
20141,0
5291,0
10746,0
14964,0
985,0
1444,0
9286,0
25509,0
10411,0
2452,0
22160,0
20046,0
26807,0
12964,0
5713,0
27629,0
6237,0
2850,0
8645,0
3345,0
6642,0
9367,0
5231,0
9339,0
6008,0
27577,0
14417,0
7172,0
16522,0
22168,0
27113,0
20973,0
28260,0
7084,0
22812,0
3603,0
12259,0
13475,0
28093,0
25238,0
10200,0
22437,0
19413,0
9675,0
26394,0
17506,0
16468,0
14856,0
17808,0
7874,0
2224,0
12542,0
22116,0
5485,0
11398,0
29034,0
8505,0
29948,0
4632,0
29990,0
3020,0
29646,0
4980,0
13294,0
23506,0
27601,0
10592,0
27901,0
29062,0
4314,0
17842,0
28824,0
7963,0
3031,0
913,0
13167,0
10189,0
29523,0
16454,0
22410,0
17110,0
23529,0
28259,0
26858,0
19816,0
29894,0
19359,0
11862,0
4196,0
28520,0
10663,0
19546,0
14537,0
29494,0
6909,0
28180,0
14149,0
28143,0
12087,0
500,0
21125,0
5948,0
23679,0
16742,0
25655,0
19215,0
16603,0
10976,0
28586,0
1544,0
24588,0
21957,0
6429,0
29231,0
13017,0
27572,0
9721,0
19700,0
21213,0
10611,0
6989,0
14764,0
27440,0
2541,0
436,0
25725,0
11905,0
11071,0
20697,0
6288,0
12664,0
24352,0
3422,0
11577,0
20635,0
21876,0
18591,0
7632,0
5407,0
25378,0
3150,0
4175,0
26757,0
24989,0
23760,0
1153,0
21251,0
8135,0
16226,0
4147,0
10618,0
18197,0
10362,0
13988,0
2177,0
9072,0
27762,0
4712,0
7214,0
29402,0
10678,0
28031,0
14617,0
20370,0
12344,0
6741,0
6129,0
19585,0
6389,0
15920,0
18992,0
12296,0
18544,0
17438,0
820,0
233,0
26056,0
11703,0
25554,0
29,0
2226,0
12239,0
7400,0
4241,0
25385,0
956,0
17231,0
6980,0
6689,0
6877,0
9162,0
17299,0
9028,0
17511,0
7586,0
19137,0
7924,0
21344,0
2051,0
24058,0
23606,0
27397,0
747,0
25273,0
21069,0
17632,0
13949,0
13163,0
10439,0
8712,0
25109,0
27350,0
1960,0
7921,0
22473,0
5387,0
11523,0
3513,0
16675,0
6606,0
5620,0
2063,0
15280,0
28268,0
21587,0
20520,0
22740,0
18829,0
10351,0
7987,0
7150,0
3491,0
22249,0
15012,0
22258,0
10468,0
10502,0
7355,0
29167,0
14648,0
24801,0
12540,0
7001,0
19048,0
18347,0
10487,0
11009,0
25261,0
41,0
2710,0
12437,0
29966,0
16994,0
11508,0
23371,0
22902,0
15868,0
19299,0
18433,0
7697,0
4441,0
8129,0
18510,0
10167,0
27260,0
4736,0
1658,0
28996,0
23439,0
27736,0
11067,0
4093,0
2801,0
7313,0
11466,0
16928,0
27656,0
27493,0
1122,0
15821,0
4975,0
15651,0
3052,0
24330,0
2773,0
26676,0
9469,0
12872,0
28443,0
18460,0
920,0
26545,0
16246,0
9279,0
9260,0
23474,0
18111,0
16296,0
12150,0
14326,0
613,0
14172,0
22971,0
14642,0
3959,0
3132,0
26879,0
4342,0
10542,0
27586,0
5827,0
16330,0
27666,0
22684,0
21218,0
15714,0
29736,0
13599,0
3802,0
7657,0
28799,0
24432,0
23105,0
16096,0
19154,0
13488,0
22908,0
22045,0
5873,0
2398,0
12055,0
13998,0
10464,0
27216,0
11342,0
17589,0
18986,0
23970,0
602,0
11762,0
9678,0
15184,0
14634,0
13310,0
4949,0
8494,0
14765,0
25259,0
28539,0
2552,0
17766,0
11346,0
4145,0
15145,0
18121,0
23991,0
12330,0
7566,0
10125,0
24888,0
13502,0
28873,0
14493,0
20928,0
12599,0
15242,0
22422,0
2517,0
25222,0
21201,0
7024,0
10889,0
6380,0
13788,0
1901,0
15648,0
26547,0
15640,0
25452,0
17586,0
12473,0
9255,0
7302,0
27527,0
22466,0
28501,0
6224,0
13321,0
3972,0
5756,0
16655,0
4214,0
28481,0
26090,0
16636,0
21832,0
17005,0
10723,0
27304,0
23663,0
25709,0
22665,0
7169,0
7065,0
5676,0
26221,0
24639,0
23563,0
10042,0
8807,0
3544,0
15858,0
16682,0
132,0
10938,0
28552,0
21155,0
4368,0
14676,0
3171,0
18237,0
27450,0
29090,0
2505,0
2018,0
20627,0
23718,0
894,0
23575,0
1110,0
2280,0
12293,0
24135,0
2107,0
7506,0
7655,0
15527,0
1862,0
25270,0
5108,0
10667,0
20842,0
5325,0
17120,0
9046,0
27635,0
3032,0
12182,0
20487,0
1165,0
12898,0
20764,0
27069,0
5850,0
19833,0
15510,0
12237,0
13874,0
22724,0
19759,0
9869,0
17912,0
3734,0
27858,0
5175,0
806,0
19272,0
12903,0
21244,0
719,0
22456,0
9887,0
7495,0
6605,0
11381,0
9657,0
27072,0
19200,0
15258,0
19537,0
6788,0
21200,0
27923,0
11885,0
28140,0
7029,0
13741,0
28229,0
13618,0
27899,0
29910,0
29484,0
10412,0
23871,0
21287,0
26806,0
17595,0
10136,0
15409,0
3967,0
11769,0
28588,0
26081,0
24741,0
11791,0
29337,0
12515,0
9859,0
11073,0
23986,0
21039,0
22880,0
6923,0
5708,0
9994,0
21720,0
12188,0
11554,0
13766,0
25848,0
6636,0
10772,0
5049,0
13643,0
12639,0
6526,0
23139,0
24083,0
12265,0
13979,0
17355,0
29593,0
17166,0
21860,0
23451,0
15111,0
808,0
8393,0
3453,0
1809,0
27556,0
24845,0
21176,0
7768,0
5601,0
27498,0
6699,0
20515,0
16577,0
10457,0
14935,0
23493,0
5563,0
2410,0
26341,0
29599,0
26348,0
20737,0
17433,0
14910,0
28098,0
8423,0
6795,0
24871,0
27747,0
21572,0
22051,0
8798,0
13858,0
1769,0
8148,0
29907,0
29585,0
1406,0
14068,0
19886,0
21994,0
29313,0
14242,0
27978,0
3977,0
1005,0
20905,0
6665,0
22951,0
4557,0
2502,0
22542,0
8302,0
16352,0
16215,0
21133,0
29618,0
26235,0
18369,0
6174,0
28781,0
5333,0
27416,0
9018,0
23936,0
3365,0
4436,0
27928,0
16084,0
22797,0
24081,0
1573,0
4324,0
27954,0
15893,0
1447,0
27935,0
10728,0
9337,0
25667,0
14809,0
812,0
27518,0
3597,0
29931,0
12233,0
18825,0
12014,0
12141,0
20992,0
23590,0
1782,0
11046,0
16367,0
4542,0
8454,0
17516,0
9534,0
2574,0
13959,0
7361,0
19691,0
8351,0
17728,0
11178,0
27079,0
26601,0
2047,0
19601,0
9262,0
9671,0
22053,0
29348,0
13418,0
23948,0
3164,0
4079,0
15845,0
20184,0
7427,0
12109,0
3779,0
638,0
25649,0
17551,0
4793,0
28963,0
8492,0
675,0
21498,0
26996,0
21781,0
1920,0
1330,0
29424,0
7970,0
162,0
7630,0
3979,0
4356,0
18432,0
29146,0
6047,0
1503,0
14228,0
2344,0
18302,0
21892,0
1812,0
11148,0
18711,0
3877,0
3843,0
14341,0
21505,0
23960,0
20888,0
20666,0
4429,0
13139,0
18525,0
28814,0
26637,0
4710,0
324,0
13277,0
10941,0
5327,0
22800,0
14278,0
27854,0
9029,0
22931,0
22064,0
27931,0
28161,0
20310,0
14049,0
10438,0
15417,0
5209,0
24206,0
2914,0
19188,0
10078,0
23487,0
1199,0
17753,0
377,0
1319,0
1090,0
11487,0
11099,0
19588,0
22352,0
17182,0
9334,0
21938,0
837,0
24394,0
9457,0
4838,0
10753,0
4774,0
27453,0
8117,0
5632,0
10898,0
20535,0
26767,0
17124,0
10824,0
12847,0
191,0
15164,0
6349,0
5307,0
5217,0
24313,0
5823,0
23977,0
5154,0
11429,0
9167,0
9769,0
11065,0
18086,0
5564,0
27018,0
13248,0
3007,0
1734,0
24781,0
7952,0
20824,0
4656,0
17761,0
16536,0
261,0
29130,0
19822,0
2889,0
26772,0
18978,0
15525,0
6503,0
20094,0
2258,0
5282,0
15264,0
27342,0
25246,0
3497,0
20452,0
20175,0
25544,0
21338,0
17681,0
7923,0
13797,0
20758,0
3463,0
8523,0
19036,0
6064,0
29285,0
12130,0
26002,0
1003,0
19495,0
2253,0
29253,0
6082,0
25731,0
24217,0
9564,0
14447,0
8402,0
4252,0
20998,0
29665,0
27862,0
4224,0
4038,0
10266,0
28949,0
17957,0
10258,0
15126,0
19394,0
20243,0
14960,0
6477,0
16307,0
10630,0
22739,0
1046,0
8823,0
20785,0
10225,0
25106,0
1563,0
226,0
25465,0
20638,0
1906,0
15478,0
28940,0
5865,0
22463,0
14407,0
28333,0
8277,0
22084,0
25189,0
6259,0
16833,0
14437,0
26399,0
11986,0
7219,0
15450,0
24143,0
12043,0
29332,0
16089,0
24653,0
7440,0
6733,0
23693,0
5935,0
28592,0
16745,0
10740,0
2946,0
15519,0
8474,0
6330,0
15376,0
3446,0
16384,0
10051,0
6408,0
14047,0
4483,0
7858,0
27718,0
15419,0
25293,0
29601,0
3090,0
4110,0
24223,0
19751,0
20919,0
12885,0
26967,0
6003,0
7173,0
7981,0
2483,0
14231,0
29792,0
16859,0
19459,0
7525,0
26615,0
29669,0
16023,0
17807,0
13890,0
2006,0
19543,0
13545,0
691,0
10256,0
4035,0
4685,0
4716,0
20197,0
27951,0
29789,0
22703,0
5008,0
20682,0
20606,0
2204,0
21891,0
19694,0
4188,0
18904,0
23623,0
20396,0
29875,0
27578,0
3243,0
2615,0
18404,0
9977,0
8154,0
17207,0
3238,0
1886,0
17323,0
17278,0
24236,0
28094,0
25326,0
17336,0
2316,0
21979,0
16946,0
7527,0
4415,0
25678,0
8567,0
23481,0
1772,0
13559,0
1344,0
27111,0
2373,0
10562,0
23726,0
11627,0
12719,0
2193,0
15544,0
28089,0
10899,0
19965,0
13585,0
14473,0
8161,0
2784,0
8894,0
29404,0
12977,0
706,0
528,0
6433,0
19171,0
4845,0
2387,0
21412,0
29632,0
21309,0
16692,0
1572,0
23647,0
23942,0
26464,0
26265,0
23476,0
3178,0
16295,0
2709,0
27667,0
516,0
5428,0
10323,0
3700,0
23905,0
6512,0
24908,0
6317,0
20276,0
2301,0
17847,0
8119,0
21290,0
15476,0
15329,0
9426,0
13412,0
26328,0
15500,0
7826,0
9511,0
3664,0
25718,0
14512,0
3925,0
21712,0
20330,0
5672,0
8139,0
18946,0
4289,0
19341,0
4862,0
17892,0
12113,0
4519,0
10586,0
5165,0
1695,0
26083,0
23894,0
26746,0
13150,0
21545,0
17535,0
3957,0
28887,0
28488,0
24443,0
3918,0
14852,0
3250,0
24860,0
7694,0
8514,0
24618,0
44,0
28121,0
12994,0
16633,0
13269,0
15256,0
14524,0
1730,0
14585,0
6528,0
29528,0
857,0
24872,0
8216,0
23831,0
14316,0
11947,0
20123,0
24475,0
27340,0
5104,0
19612,0
6721,0
533,0
19126,0
29058,0
22471,0
14094,0
16417,0
10647,0
19470,0
12431,0
28267,0
26109,0
24095,0
133,0
6484,0
13374,0
3808,0
23837,0
11780,0
24468,0
15747,0
13386,0
10433,0
19637,0
6969,0
10384,0
14007,0
28605,0
2388,0
14128,0
16688,0
28134,0
23692,0
6744,0
14734,0
26914,0
12518,0
20816,0
22141,0
25006,0
12627,0
27163,0
10334,0
11810,0
18630,0
24852,0
21715,0
10371,0
12010,0
10378,0
29946,0
20165,0
25853,0
8502,0
8967,0
3690,0
546,0
21727,0
2444,0
23556,0
28209,0
18908,0
19560,0
1731,0
29193,0
16719,0
26016,0
8866,0
16121,0
9448,0
11752,0
621,0
17273,0
13362,0
28576,0
22503,0
3679,0
22275,0
12423,0
28289,0
13995,0
15239,0
3085,0
17434,0
18674,0
15299,0
717,0
11897,0
4267,0
9309,0
7830,0
6351,0
17190,0
28384,0
13081,0
23612,0
10126,0
16884,0
29909,0
23669,0
21734,0
5961,0
26128,0
26046,0
18039,0
19787,0
24554,0
19732,0
8166,0
257,0
17075,0
18737,0
2220,0
19991,0
3204,0
4992,0
13287,0
29405,0
8194,0
9140,0
28339,0
28213,0
28212,0
24506,0
7953,0
22917,0
10574,0
23172,0
25720,0
24887,0
4391,0
29905,0
29025,0
11955,0
20701,0
9166,0
5540,0
11457,0
29653,0
7366,0
24761,0
5609,0
13772,0
24625,0
12749,0
18682,0
25722,0
6041,0
26164,0
22280,0
15673,0
12409,0
16739,0
27430,0
1358,0
28638,0
16827,0
17631,0
10134,0
25784,0
17741,0
9017,0
24024,0
8086,0
28415,0
6947,0
29830,0
29109,0
29539,0
10928,0
19650,0
13002,0
205,0
7270,0
23049,0
22497,0
7491,0
19516,0
4802,0
23531,0
3023,0
21604,0
3882,0
5112,0
16771,0
19334,0
17123,0
29204,0
16150,0
28541,0
22713,0
21561,0
23380,0
17052,0
5780,0
966,0
2731,0
7920,0
7490,0
18905,0
23912,0
28909,0
9375,0
8930,0
5190,0
28736,0
6419,0
8756,0
8442,0
19407,0
20077,0
27405,0
16113,0
14858,0
16306,0
22200,0
24701,0
5829,0
15866,0
19841,0
27297,0
2223,0
26764,0
19978,0
912,0
2596,0
20427,0
29255,0
18605,0
16506,0
24165,0
21220,0
7498,0
23011,0
7829,0
12104,0
11189,0
10946,0
17024,0
10493,0
23907,0
14597,0
20286,0
5967,0
10315,0
28294,0
2138,0
7108,0
19625,0
21178,0
5474,0
28231,0
25751,0
4318,0
29778,0
25087,0
7942,0
23378,0
26877,0
12525,0
8705,0
1582,0
18709,0
7531,0
13582,0
6152,0
29160,0
2848,0
6200,0
23775,0
21989,0
14192,0
29799,0
15305,0
67,0
1238,0
16253,0
11420,0
15057,0
7761,0
22135,0
931,0
3518,0
9843,0
13338,0
14360,0
15755,0
19491,0
17369,0
29445,0
26190,0
23503,0
26659,0
11525,0
3534,0
1865,0
19907,0
22224,0
2401,0
25208,0
17946,0
5267,0
6730,0
9321,0
3844,0
16904,0
18344,0
29161,0
16483,0
7468,0
13074,0
14043,0
24020,0
27114,0
9412,0
17704,0
17809,0
8490,0
26804,0
3268,0
23083,0
4830,0
3768,0
17778,0
17492,0
15149,0
4420,0
11829,0
1337,0
9681,0
15343,0
11615,0
28108,0
16490,0
26863,0
19589,0
23224,0
29013,0
26240,0
9915,0
12897,0
13333,0
25341,0
24899,0
26156,0
6639,0
26124,0
17774,0
15400,0
9049,0
18007,0
21247,0
12029,0
5160,0
26999,0
14654,0
17054,0
18993,0
11,0
21655,0
5722,0
10346,0
816,0
14911,0
9763,0
28707,0
26091,0
28061,0
21786,0
29038,0
24704,0
5117,0
24892,0
20798,0
6073,0
20553,0
7409,0
8564,0
23079,0
1657,0
3711,0
5933,0
604,0
12069,0
17798,0
28487,0
18434,0
19505,0
26689,0
20572,0
6037,0
25303,0
2189,0
2354,0
21982,0
17423,0
4880,0
29860,0
6040,0
8003,0
5841,0
10862,0
8489,0
4377,0
17034,0
15082,0
3152,0
14059,0
3146,0
2064,0
10505,0
23431,0
25795,0
26035,0
27490,0
9007,0
14098,0
8495,0
27186,0
1366,0
16496,0
10853,0
24182,0
18849,0
14742,0
22761,0
6332,0
14281,0
1889,0
27483,0
24358,0
14446,0
2163,0
2320,0
12176,0
7102,0
12118,0
9292,0
1954,0
27609,0
27053,0
13206,0
5931,0
1526,0
27570,0
20002,0
16198,0
26968,0
2290,0
27396,0
24941,0
26360,0
26754,0
22080,0
16921,0
22454,0
15969,0
18321,0
18101,0
14464,0
4941,0
25060,0
25958,0
28146,0
27631,0
20771,0
25615,0
29951,0
19947,0
28582,0
25828,0
24176,0
26225,0
25607,0
24717,0
14520,0
21746,0
26253,0
15966,0
447,0
8840,0
26899,0
25007,0
24855,0
17688,0
2887,0
16543,0
10282,0
19389,0
16370,0
11613,0
9234,0
3029,0
20705,0
2062,0
9204,0
24338,0
25445,0
8330,0
1410,0
24557,0
20717,0
21162,0
20247,0
12938,0
20681,0
23842,0
6310,0
7703,0
13491,0
25466,0
23096,0
27210,0
9161,0
977,0
15786,0
3761,0
8202,0
8447,0
21598,0
107,0
25874,0
22001,0
8422,0
15792,0
20355,0
2664,0
2748,0
13098,0
28429,0
984,0
28652,0
22524,0
11005,0
10904,0
17345,0
25914,0
15611,0
13015,0
25791,0
1991,0
20496,0
11664,0
26101,0
15276,0
23993,0
15175,0
23835,0
18124,0
19829,0
14893,0
9754,0
11354,0
22941,0
3902,0
26629,0
3695,0
25374,0
117,0
9716,0
5976,0
26212,0
27030,0
12191,0
11792,0
26401,0
29912,0
15171,0
19408,0
11667,0
25206,0
7209,0
23863,0
5430,0
29474,0
26706,0
23264,0
15357,0
4109,0
11004,0
1307,0
6398,0
22441,0
24782,0
21416,0
7623,0
3260,0
23733,0
11001,0
17021,0
24974,0
4423,0
23874,0
9384,0
19715,0
26785,0
14849,0
7597,0
11530,0
16091,0
815,0
9924,0
7394,0
1292,0
16406,0
10681,0
29877,0
3457,0
12796,0
26630,0
10513,0
22584,0
22383,0
17639,0
23376,0
13647,0
26445,0
12776,0
29379,0
20870,0
5570,0
9300,0
2115,0
26353,0
22036,0
26244,0
2289,0
25010,0
3295,0
7667,0
28369,0
11967,0
11378,0
16190,0
9559,0
14835,0
2259,0
27904,0
5402,0
29065,0
8304,0
19323,0
5826,0
22054,0
27839,0
14419,0
9041,0
5027,0
1513,0
21943,0
29806,0
21253,0
5985,0
29482,0
7828,0
9383,0
7950,0
14167,0
20049,0
22519,0
19826,0
8156,0
15073,0
27776,0
17628,0
4438,0
27994,0
19130,0
18702,0
17084,0
6809,0
29046,0
18223,0
11012,0
23394,0
1918,0
15366,0
18275,0
28757,0
13817,0
20586,0
29298,0
28036,0
17225,0
19174,0
17244,0
17545,0
3815,0
13173,0
12245,0
21815,0
17722,0
7353,0
12600,0
13784,0
8776,0
1827,0
3412,0
13956,0
27907,0
11206,0
4322,0
18395,0
20829,0
3459,0
27480,0
7602,0
11501,0
21859,0
160,0
16281,0
5479,0
26582,0
8688,0
2983,0
10719,0
13592,0
22567,0
24629,0
29928,0
10417,0
11706,0
4829,0
25928,0
19474,0
23668,0
3386,0
2061,0
3857,0
23875,0
7466,0
2488,0
29797,0
1180,0
9590,0
18926,0
1334,0
20179,0
26376,0
1049,0
2746,0
10313,0
5871,0
3706,0
13431,0
17405,0
14719,0
17895,0
27665,0
29398,0
20415,0
1892,0
28370,0
22771,0
20078,0
25256,0
28732,0
4264,0
27952,0
814,0
5505,0
23237,0
19909,0
16912,0
4620,0
1524,0
4470,0
12613,0
29716,0
587,0
13935,0
25573,0
29301,0
9087,0
26147,0
28288,0
21654,0
24305,0
11448,0
2168,0
22431,0
10006,0
175,0
17051,0
8241,0
23729,0
14400,0
21861,0
8761,0
3863,0
19615,0
24939,0
26598,0
17834,0
19435,0
13549,0
24773,0
15634,0
14632,0
24067,0
6414,0
11272,0
27764,0
22029,0
3056,0
27979,0
5899,0
10945,0
28452,0
25826,0
22403,0
17591,0
7805,0
16458,0
25114,0
26191,0
23244,0
19511,0
21448,0
26469,0
24938,0
11520,0
25691,0
16778,0
21059,0
9463,0
5279,0
19566,0
181,0
18207,0
4982,0
27394,0
5714,0
18772,0
25574,0
19086,0
10232,0
20272,0
11254,0
9734,0
13639,0
9927,0
3382,0
11168,0
18724,0
23882,0
18710,0
18745,0
6402,0
27822,0
4805,0
23434,0
3910,0
16940,0
28010,0
18715,0
16830,0
14830,0
25597,0
26425,0
17332,0
15050,0
12593,0
19575,0
14743,0
28340,0
22153,0
28593,0
19026,0
11443,0
10701,0
7957,0
4605,0
4799,0
9993,0
12717,0
9143,0
9797,0
9182,0
16594,0
10443,0
6190,0
7753,0
26065,0
21844,0
25994,0
19717,0
22893,0
11439,0
9854,0
8711,0
6651,0
16729,0
16185,0
19289,0
22005,0
14497,0
24545,0
2450,0
27157,0
19675,0
3076,0
11785,0
29887,0
4640,0
580,0
9229,0
24210,0
27045,0
27393,0
9483,0
6267,0
13705,0
20159,0
684,0
3093,0
18676,0
8644,0
7927,0
7540,0
13510,0
11227,0
15976,0
26963,0
4676,0
27651,0
6850,0
16906,0
23401,0
5143,0
20547,0
16220,0
18590,0
5542,0
12096,0
28504,0
9609,0
24102,0
5716,0
26471,0
11565,0
26150,0
10617,0
15158,0
5883,0
24932,0
3533,0
17385,0
20087,0
1227,0
22102,0
28047,0
29606,0
28040,0
6853,0
5641,0
16645,0
24752,0
27847,0
3891,0
15048,0
28959,0
22082,0
12840,0
7995,0
13790,0
5803,0
25429,0
18137,0
18530,0
13322,0
6593,0
7127,0
4220,0
10770,0
9953,0
6454,0
8873,0
1681,0
19218,0
19693,0
787,0
101,0
1965,0
28171,0
24671,0
19108,0
1485,0
15142,0
14904,0
13102,0
9063,0
29302,0
20711,0
19373,0
24757,0
18565,0
22091,0
6474,0
2512,0
1767,0
18301,0
18045,0
18955,0
19456,0
8641,0
7983,0
5550,0
5929,0
17583,0
13188,0
13770,0
1898,0
27648,0
27760,0
17891,0
9538,0
15810,0
15200,0
29192,0
19051,0
1923,0
12497,0
6549,0
1493,0
14590,0
7729,0
13881,0
16902,0
9808,0
10050,0
16376,0
12053,0
18909,0
14670,0
17329,0
21153,0
18336,0
3381,0
11016,0
21769,0
28357,0
13940,0
414,0
349,0
24085,0
16395,0
21798,0
18453,0
25423,0
13349,0
7256,0
6449,0
19791,0
28651,0
1676,0
15914,0
7388,0
1597,0
21701,0
6060,0
12968,0
13677,0
2715,0
19725,0
29367,0
16189,0
11184,0
9118,0
10716,0
18572,0
2021,0
23603,0
25151,0
24895,0
3305,0
1720,0
23369,0
13424,0
21821,0
15436,0
16024,0
28426,0
17428,0
16211,0
9839,0
23526,0
25669,0
18794,0
5249,0
15449,0
16914,0
17712,0
9865,0
26382,0
3025,0
7941,0
578,0
21045,0
13698,0
15675,0
20746,0
29933,0
29117,0
22368,0
26988,0
25179,0
21647,0
14287,0
3053,0
12969,0
27590,0
7554,0
18705,0
29896,0
21831,0
320,0
20677,0
2688,0
1487,0
7274,0
23950,0
945,0
6178,0
19221,0
11424,0
25734,0
7997,0
801,0
14114,0
24928,0
26560,0
6540,0
9897,0
20397,0
6783,0
25832,0
5103,0
4216,0
11493,0
10322,0
6121,0
24607,0
13774,0
21534,0
28633,0
2446,0
7181,0
4768,0
23677,0
4960,0
7405,0
22292,0
29240,0
6899,0
28742,0
25844,0
21051,0
21626,0
10650,0
27013,0
7894,0
18554,0
14052,0
7644,0
21235,0
22634,0
356,0
19453,0
24866,0
155,0
18190,0
10166,0
11399,0
7804,0
17060,0
27333,0
18576,0
12912,0
395,0
1850,0
26616,0
819,0
6057,0
12196,0
24551,0
522,0
12228,0
4841,0
9235,0
11474,0
28393,0
28438,0
22477,0
19401,0
23050,0
14178,0
14603,0
27172,0
7536,0
19522,0
10137,0
19385,0
6149,0
14898,0
3913,0
28569,0
26586,0
603,0
1702,0
16959,0
14718,0
1303,0
5379,0
16256,0
10372,0
21211,0
29088,0
20406,0
23561,0
6552,0
23373,0
20670,0
9929,0
20718,0
8014,0
7722,0
29661,0
21097,0
8164,0
17046,0
2116,0
1453,0
22865,0
27468,0
10241,0
9193,0
14050,0
23365,0
13633,0
17857,0
1291,0
13316,0
3578,0
21748,0
29571,0
16674,0
21556,0
21367,0
3233,0
3914,0
24898,0
26455,0
21991,0
19006,0
26237,0
27621,0
29936,0
21123,0
18940,0
28853,0
20823,0
17636,0
8855,0
18662,0
22154,0
4541,0
21005,0
18887,0
3383,0
14061,0
13254,0
23895,0
22313,0
4435,0
28623,0
10520,0
10358,0
7945,0
17195,0
28984,0
11943,0
22113,0
5567,0
1382,0
18774,0
24577,0
28983,0
22998,0
3892,0
15536,0
5909,0
3123,0
14952,0
12418,0
7502,0
2869,0
23562,0
12602,0
3099,0
7627,0
14248,0
12072,0
5516,0
9280,0
19728,0
19576,0
22839,0
17813,0
25870,0
2246,0
12662,0
27575,0
11865,0
13986,0
10703,0
27443,0
28041,0
4346,0
16449,0
4409,0
22046,0
16328,0
9114,0
21006,0
10690,0
18116,0
11641,0
1013,0
22244,0
3978,0
8452,0
14062,0
26654,0
28508,0
12495,0
11544,0
13149,0
18665,0
23580,0
18928,0
17680,0
19897,0
17243,0
21624,0
19490,0
22237,0
738,0
24753,0
8144,0
20796,0
14413,0
5042,0
989,0
27708,0
17342,0
21817,0
17108,0
6135,0
9233,0
27924,0
25253,0
1956,0
16277,0
4203,0
4431,0
19438,0
9536,0
24229,0
17608,0
11280,0
21852,0
22421,0
4588,0
15429,0
1131,0
13720,0
20914,0
12314,0
18491,0
25382,0
8309,0
24463,0
12445,0
22819,0
28728,0
2827,0
18152,0
15636,0
21289,0
27702,0
14563,0
15514,0
28769,0
23805,0
9062,0
2067,0
12668,0
18721,0
23047,0
9963,0
8639,0
26666,0
16860,0
19616,0
10820,0
10731,0
3505,0
17409,0
22866,0
17848,0
16262,0
28367,0
11804,0
19632,0
20205,0
5010,0
8544,0
22589,0
28965,0
6345,0
9284,0
27937,0
10568,0
25170,0
16988,0
22284,0
3997,0
27693,0
24287,0
2081,0
22766,0
5734,0
4127,0
15989,0
24599,0
26350,0
8170,0
22671,0
23448,0
343,0
16572,0
12707,0
10037,0
20686,0
22214,0
28579,0
14789,0
9684,0
21510,0
5031,0
16785,0
22130,0
8572,0
20946,0
1953,0
29021,0
12160,0
18024,0
11321,0
4585,0
288,0
22316,0
11663,0
21955,0
22940,0
5107,0
23678,0
11795,0
24314,0
20500,0
6879,0
24569,0
27125,0
27567,0
28219,0
7662,0
16300,0
4559,0
24286,0
16457,0
2747,0
5444,0
24243,0
10374,0
28390,0
22250,0
21195,0
10813,0
1146,0
16500,0
27179,0
1012,0
697,0
17103,0
22449,0
22781,0
13654,0
13622,0
3328,0
6919,0
16980,0
29724,0
11488,0
7158,0
7420,0
12689,0
4402,0
11070,0
29920,0
26005,0
3492,0
27471,0
4795,0
4556,0
26612,0
888,0
21065,0
11788,0
29186,0
23042,0
8623,0
12114,0
25520,0
258,0
15826,0
21131,0
13973,0
20706,0
25987,0
3044,0
16864,0
4076,0
8257,0
22408,0
25571,0
6632,0
25451,0
21034,0
22694,0
29957,0
2989,0
22576,0
18475,0
15696,0
1458,0
29785,0
25961,0
14979,0
13813,0
1522,0
10204,0
12656,0
3884,0
11040,0
21068,0
2147,0
8180,0
10302,0
14347,0
5701,0
9841,0
15364,0
29145,0
23308,0
499,0
2476,0
27176,0
11191,0
29727,0
17658,0
21945,0
17276,0
1692,0
16291,0
19697,0
11092,0
28396,0
8983,0
21174,0
6629,0
15559,0
15997,0
11507,0
23682,0
16544,0
3864,0
3066,0
22958,0
25617,0
254,0
21085,0
11725,0
1420,0
11696,0
11455,0
29409,0
27363,0
23688,0
11842,0
18733,0
22886,0
15004,0
5559,0
25912,0
8146,0
21106,0
12509,0
20193,0
10343,0
24126,0
18340,0
12487,0
4819,0
12700,0
21371,0
15055,0
6579,0
25595,0
376,0
28895,0
22554,0
15617,0
21414,0
19053,0
19187,0
7210,0
21007,0
7465,0
14357,0
6886,0
4961,0
29314,0
23461,0
8159,0
5411,0
25744,0
3015,0
22977,0
9625,0
15782,0
28202,0
2860,0
26442,0
14611,0
22648,0
12512,0
15448,0
15316,0
22715,0
16377,0
22118,0
12813,0
25131,0
5484,0
4991,0
3241,0
14044,0
13291,0
4959,0
26311,0
11730,0
7349,0
19737,0
11417,0
5606,0
26613,0
28422,0
28724,0
8918,0
25107,0
6232,0
26897,0
3055,0
27073,0
29773,0
29435,0
5636,0
12071,0
25154,0
19003,0
13477,0
20734,0
1783,0
14042,0
25910,0
26433,0
25454,0
19659,0
878,0
5203,0
9560,0
21446,0
6988,0
9044,0
16374,0
4599,0
29590,0
13642,0
24,0
22103,0
28475,0
23583,0
20590,0
19149,0
27215,0
24278,0
18241,0
27327,0
17896,0
14485,0
29917,0
16067,0
5679,0
1564,0
23413,0
611,0
12463,0
15548,0
22067,0
20885,0
27308,0
28729,0
7944,0
6361,0
10856,0
27131,0
7670,0
1335,0
21880,0
29224,0
25939,0
2537,0
16470,0
13124,0
19216,0
1451,0
23028,0
1404,0
21020,0
12505,0
25347,0
7786,0
1123,0
20604,0
15742,0
9713,0
23878,0
2496,0
28116,0
25683,0
25512,0
9549,0
21614,0
22445,0
23773,0
21458,0
19024,0
16617,0
23295,0
15829,0
1606,0
25797,0
24647,0
27626,0
8041,0
2765,0
24552,0
22987,0
13805,0
16880,0
552,0
21893,0
11491,0
10891,0
13332,0
7020,0
6415,0
2718,0
20263,0
24856,0
14170,0
8734,0
10888,0
22317,0
15687,0
5219,0
1311,0
14036,0
29782,0
618,0
25820,0
22933,0
15323,0
12377,0
25430,0
28496,0
7130,0
18932,0
6215,0
21070,0
29209,0
24119,0
18168,0
10453,0
3455,0
16670,0
22784,0
2416,0
4095,0
18853,0
27593,0
6248,0
4308,0
236,0
7070,0
20728,0
13433,0
23680,0
5142,0
6141,0
25947,0
18901,0
22398,0
22391,0
29096,0
15511,0
28397,0
8677,0
27835,0
18809,0
24400,0
24669,0
3611,0
13199,0
13846,0
28338,0
15285,0
2794,0
26363,0
14778,0
2986,0
3498,0
3458,0
13771,0
20558,0
26330,0
11177,0
319,0
25937,0
2279,0
22177,0
13417,0
17898,0
14432,0
21881,0
8702,0
28329,0
29073,0
1345,0
18696,0
17843,0
10309,0
4828,0
20366,0
3746,0
24721,0
4081,0
21157,0
19181,0
20909,0
17448,0
15297,0
19078,0
22873,0
8643,0
23754,0
5587,0
1515,0
25740,0
633,0
8067,0
26492,0
14226,0
21268,0
13552,0
2800,0
9569,0
18545,0
23978,0
16142,0
16727,0
19856,0
2822,0
8031,0
4734,0
19090,0
17890,0
18759,0
4550,0
15037,0
27695,0
441,0
26287,0
2686,0
4584,0
19848,0
13808,0
14185,0
18673,0
8379,0
18027,0
23279,0
23683,0
5943,0
18008,0
28012,0
23888,0
17933,0
10112,0
8308,0
14550,0
10544,0
16867,0
2427,0
29889,0
15019,0
5435,0
15483,0
8960,0
3176,0
7094,0
20047,0
2037,0
26452,0
11446,0
12531,0
11920,0
11028,0
22341,0
6094,0
9009,0
19647,0
286,0
16793,0
11904,0
9447,0
2707,0
6813,0
11105,0
5561,0
22027,0
3035,0
23048,0
3101,0
16638,0
29415,0
14500,0
4630,0
8268,0
11052,0
12960,0
9000,0
1656,0
18645,0
12204,0
20079,0
6204,0
3304,0
18754,0
19384,0
27885,0
18355,0
15370,0
108,0
4349,0
21649,0
17340,0
27906,0
14252,0
28747,0
3126,0
4894,0
6403,0
8802,0
19553,0
13047,0
13505,0
13616,0
7289,0
2085,0
2565,0
27560,0
4376,0
24254,0
554,0
17796,0
20220,0
7835,0
23088,0
25088,0
24335,0
24268,0
7585,0
6206,0
14801,0
24680,0
3488,0
17764,0
5365,0
2,0
2007,0
13600,0
20489,0
18930,0
3119,0
21548,0
1654,0
14883,0
26593,0
13713,0
25694,0
23286,0
12981,0
20774,0
2012,0
23467,0
3678,0
4739,0
14812,0
10919,0
27700,0
16119,0
28546,0
11970,0
21767,0
19019,0
17747,0
11215,0
21768,0
2853,0
29636,0
4564,0
9811,0
1900,0
6305,0
18562,0
18390,0
13263,0
13284,0
15982,0
19859,0
7582,0
26916,0
9201,0
19800,0
10390,0
15206,0
4540,0
15657,0
555,0
12871,0
1969,0
14577,0
28533,0
28878,0
2134,0
15147,0
27369,0
20504,0
8805,0
29717,0
649,0
6426,0
8765,0
22485,0
9648,0
23309,0
20109,0
13067,0
11328,0
15626,0
6563,0
5081,0
4886,0
20129,0
28616,0
707,0
12921,0
15367,0
28303,0
13589,0
20581,0
11421,0
10633,0
12054,0
21683,0
16473,0
8861,0
21916,0
7975,0
7616,0
21922,0
2158,0
16888,0
2025,0
10499,0
2666,0
5475,0
2975,0
9762,0
12862,0
23954,0
10817,0
14885,0
21411,0
22356,0
6370,0
11717,0
7901,0
229,0
18204,0
18623,0
14424,0
3234,0
5925,0
29989,0
10175,0
10724,0
23228,0
27961,0
23753,0
16088,0
16740,0
10639,0
5192,0
15518,0
7733,0
10311,0
9567,0
10953,0
28518,0
1974,0
17270,0
26960,0
19705,0
22365,0
16015,0
15208,0
6655,0
9581,0
3652,0
18555,0
776,0
27881,0
11255,0
14779,0
21953,0
9090,0
18741,0
9591,0
27548,0
2038,0
24972,0
19765,0
27705,0
3672,0
14214,0
5176,0
4977,0
8883,0
23007,0
13593,0
18658,0
2890,0
17197,0
13650,0
29036,0
2317,0
16652,0
4425,0
15545,0
19611,0
8020,0
2493,0
14442,0
8695,0
20358,0
19168,0
17558,0
17913,0
22876,0
21512,0
17684,0
4083,0
17145,0
23965,0
13058,0
23078,0
19020,0
12619,0
15824,0
27875,0
25946,0
27891,0
1682,0
11919,0
24933,0
4598,0
7675,0
7022,0
18183,0
2754,0
682,0
12015,0
20582,0
27587,0
10360,0
7860,0
22993,0
27564,0
26533,0
21537,0
3493,0
22367,0
13180,0
22345,0
11074,0
6782,0
24422,0
28386,0
6880,0
10550,0
1724,0
1362,0
18675,0
5896,0
1017,0
5947,0
19426,0
12108,0
8568,0
4309,0
27166,0
24139,0
7892,0
22560,0
14894,0
9767,0
8157,0
18500,0
7813,0
22461,0
10993,0
14090,0
27377,0
15293,0
21124,0
16203,0
20409,0
24296,0
29949,0
20602,0
20747,0
17002,0
3766,0
28611,0
25414,0
9624,0
5898,0
23456,0
25327,0
22439,0
5321,0
13090,0
11776,0
11198,0
19191,0
19930,0
28359,0
16673,0
6680,0
28578,0
4569,0
22133,0
26116,0
13209,0
12854,0
8287,0
11840,0
21049,0
9421,0
7435,0
21606,0
2982,0
25696,0
22007,0
23963,0
1779,0
29104,0
4004,0
849,0
2385,0
15296,0
17352,0
8500,0
25310,0
12386,0
951,0
3095,0
22426,0
29386,0
19651,0
6831,0
23988,0
26391,0
8770,0
5721,0
28237,0
19253,0
17505,0
7162,0
20913,0
26430,0
24707,0
16166,0
14966,0
4634,0
16126,0
12828,0
15583,0
17069,0
6249,0
15185,0
10754,0
10735,0
19170,0
4011,0
11379,0
665,0
6901,0
10361,0
541,0
11113,0
19054,0
21557,0
16462,0
6564,0
19530,0
8527,0
17480,0
6841,0
21932,0
9308,0
4240,0
2139,0
24341,0
23643,0
2198,0
14037,0
9639,0
13907,0
1372,0
14013,0
25622,0
20352,0
5651,0
25953,0
12822,0
15928,0
20869,0
11944,0
5455,0
6242,0
23500,0
29783,0
13747,0
27314,0
11612,0
24333,0
25536,0
15437,0
25354,0
18707,0
2546,0
14545,0
28276,0
3177,0
11355,0
13835,0
3040,0
9273,0
23054,0
9879,0
28679,0
6318,0
7245,0
24901,0
18840,0
19528,0
3896,0
4458,0
15922,0
27257,0
16358,0
25395,0
10150,0
22854,0
9022,0
21292,0
14657,0
7937,0
14429,0
16250,0
8614,0
10059,0
7451,0
13365,0
26100,0
12070,0
8559,0
8913,0
11601,0
27958,0
13782,0
11430,0
15491,0
16585,0
18686,0
8874,0
29998,0
7052,0
8653,0
22040,0
17546,0
222,0
14256,0
1612,0
13241,0
11891,0
24648,0
22826,0
4258,0
20687,0
22381,0
13472,0
22189,0
3792,0
16301,0
28164,0
13963,0
21269,0
25625,0
17468,0
19782,0
16643,0
1130,0
17699,0
22470,0
26138,0
26618,0
29051,0
22444,0
3983,0
17759,0
18133,0
14881,0
8023,0
24483,0
23303,0
9481,0
6154,0
24464,0
1785,0
19708,0
9261,0
19120,0
10535,0
10979,0
4347,0
6221,0
18356,0
14380,0
8204,0
12562,0
13407,0
21423,0
18743,0
25097,0
3783,0
9332,0
13242,0
3923,0
28459,0
202,0
9809,0
9723,0
15109,0
491,0
17275,0
2678,0
25640,0
26758,0
4661,0
23999,0
23779,0
6979,0
11489,0
26485,0
20636,0
17683,0
22770,0
22949,0
15273,0
8123,0
18164,0
25592,0
26112,0
18139,0
9651,0
19900,0
10162,0
21177,0
7801,0
16569,0
15885,0
372,0
3697,0
28416,0
13923,0
7825,0
18953,0
1817,0
23952,0
24820,0
25934,0
22628,0
19363,0
20760,0
17888,0
20902,0
5956,0
28719,0
7332,0
9983,0
7187,0
26822,0
14295,0
6669,0
17762,0
9934,0
3537,0
26426,0
5447,0
13172,0
6194,0
14506,0
5346,0
7978,0
29207,0
27636,0
10694,0
11498,0
10695,0
27563,0
9962,0
145,0
19256,0
20709,0
2698,0
27317,0
29757,0
25812,0
12900,0
13177,0
25475,0
19558,0
16751,0
27662,0
6836,0
21270,0
12081,0
25639,0
29512,0
6031,0
27233,0
15356,0
2023,0
28139,0
12241,0
2697,0
23410,0
18977,0
3985,0
27292,0
28092,0
20028,0
6070,0
18285,0
12726,0
2592,0
29299,0
24226,0
26437,0
9573,0
15909,0
13370,0
8552,0
19945,0
5156,0
17579,0
3368,0
7282,0
29692,0
11282,0
21252,0
19100,0
29208,0
1483,0
17047,0
12304,0
5797,0
4199,0
16009,0
24995,0
15404,0
13584,0
7117,0
25995,0
720,0
4232,0
9198,0
19701,0
8162,0
5792,0
11395,0
10056,0
15360,0
18717,0
1924,0
27196,0
20438,0
3809,0
10684,0
11930,0
23615,0
11079,0
24168,0
15030,0
12021,0
19942,0
29693,0
10207,0
10470,0
10670,0
7589,0
14759,0
13050,0
4265,0
8751,0
27101,0
7478,0
29818,0
4721,0
2519,0
13651,0
17543,0
26865,0
6460,0
23549,0
22936,0
21376,0
27746,0
9608,0
25684,0
13504,0
17874,0
22661,0
19831,0
5506,0
9775,0
16969,0
26984,0
3251,0
18341,0
12184,0
22008,0
17682,0
2471,0
24504,0
15043,0
21795,0
692,0
28964,0
6163,0
21751,0
15993,0
17360,0
11541,0
10795,0
2247,0
24048,0
1116,0
256,0
16841,0
12165,0
6543,0
4565,0
21271,0
14768,0
5825,0
15016,0
9972,0
11382,0
19604,0
124,0
22890,0
11952,0
24806,0
12163,0
26195,0
7370,0
20034,0
17036,0
22327,0
25708,0
28914,0
18106,0
8966,0
20255,0
13883,0
7135,0
3634,0
5339,0
936,0
24370,0
29788,0
8064,0
3655,0
3993,0
18671,0
3585,0
20517,0
24655,0
26880,0
6186,0
13243,0
19278,0
16835,0
28721,0
3814,0
600,0
21199,0
18293,0
18646,0
817,0
13710,0
19544,0
5426,0
15300,0
22702,0
20477,0
25032,0
3689,0
15894,0
23618,0
16130,0
29766,0
708,0
15137,0
22963,0
20108,0
26624,0
23728,0
24605,0
24811,0
5655,0
20234,0
29377,0
24999,0
19131,0
28627,0
26213,0
25506,0
16637,0
4909,0
7056,0
21533,0
12492,0
7641,0
11826,0
12766,0
28842,0
18878,0
24078,0
8080,0
11149,0
158,0
7795,0
4352,0
1267,0
1882,0
14776,0
28360,0
12781,0
26495,0
16205,0
27962,0
7827,0
13638,0
14891,0
22820,0
5167,0
21554,0
22553,0
24042,0
6931,0
29556,0
27439,0
16766,0
17143,0
17526,0
307,0
4891,0
9155,0
24719,0
16041,0
16248,0
24097,0
21693,0
6750,0
17642,0
13779,0
26362,0
14371,0
728,0
20807,0
1959,0
11097,0
27722,0
11434,0
3636,0
6440,0
18910,0
11680,0
7260,0
3194,0
20610,0
27699,0
21783,0
2011,0
25332,0
11682,0
693,0
13088,0
14187,0
14850,0
11864,0
11773,0
18192,0
10416,0
3670,0
3774,0
25746,0
16514,0
18967,0
14728,0
25252,0
25747,0
17382,0
17483,0
1784,0
978,0
21886,0
12735,0
21404,0
24601,0
24993,0
27364,0
14134,0
11267,0
7982,0
141,0
1108,0
6328,0
16774,0
22867,0
26674,0
16953,0
24582,0
7047,0
6053,0
899,0
15439,0
17729,0
21298,0
25377,0
6344,0
1386,0
26591,0
15844,0
22459,0
23709,0
8155,0
8032,0
12670,0
21792,0
9411,0
8767,0
15410,0
3817,0
17041,0
18482,0
13746,0
21381,0
19443,0
7931,0
24465,0
1216,0
7034,0
13020,0
4818,0
20426,0
10171,0
4531,0
18364,0
27919,0
21985,0
28695,0
16975,0
26548,0
24401,0
28015,0
20605,0
8943,0
28648,0
14957,0
28608,0
13270,0
13009,0
28358,0
12650,0
16578,0
569,0
4786,0
14704,0
13738,0
17321,0
20625,0
11853,0
14282,0
7903,0
19545,0
3230,0
25081,0
5126,0
335,0
18647,0
18284,0
166,0
23922,0
13089,0
12699,0
5557,0
26484,0
15539,0
9885,0
26868,0
23301,0
24300,0
19050,0
14152,0
27100,0
12401,0
27386,0
23826,0
16615,0
24905,0
26662,0
1074,0
29383,0
15797,0
8069,0
26592,0
22746,0
23790,0
8618,0
16125,0
23703,0
24193,0
26917,0
16764,0
3900,0
3832,0
14454,0
5818,0
18424,0
25666,0
23253,0
29969,0
10875,0
16201,0
25084,0
15036,0
12107,0
9002,0
27372,0
683,0
24623,0
23422,0
16128,0
5802,0
5575,0
5770,0
21540,0
18536,0
3030,0
17220,0
28718,0
28509,0
13895,0
28744,0
6571,0
8189,0
2040,0
19789,0
6379,0
11357,0
353,0
28493,0
8167,0
29086,0
23984,0
16943,0
12335,0
1245,0
14161,0
26054,0
25540,0
26327,0
16474,0
1947,0
13934,0
6297,0
15940,0
29937,0
26695,0
15841,0
21354,0
919,0
14476,0
12301,0
7614,0
13970,0
11687,0
11754,0
21350,0
3079,0
5037,0
26293,0
28791,0
1190,0
24029,0
19472,0
7275,0
9908,0
640,0
2309,0
21738,0
9014,0
21658,0
1114,0
5709,0
20819,0
29222,0
1455,0
18379,0
24129,0
17198,0
14813,0
9243,0
8073,0
18495,0
14920,0
17909,0
12136,0
16661,0
13572,0
9035,0
4996,0
20022,0
22140,0
22982,0
28801,0
8150,0
2371,0
24682,0
9150,0
16903,0
1966,0
25239,0
26088,0
10960,0
25488,0
3139,0
3384,0
7671,0
29251,0
28324,0
5054,0
19460,0
20961,0
22024,0
18303,0
22802,0
29728,0
15650,0
220,0
6112,0
8911,0
22171,0
416,0
8748,0
12199,0
20959,0
29649,0
20650,0
15214,0
23106,0
3370,0
29143,0
23354,0
28923,0
14951,0
9980,0
18306,0
27474,0
28469,0
4064,0
8367,0
26222,0
23199,0
10749,0
25398,0
7271,0
1298,0
26015,0
18103,0
9524,0
17972,0
18249,0
1032,0
24739,0
7715,0
16082,0
15991,0
29413,0
18903,0
12635,0
6640,0
15501,0
1259,0
25245,0
20288,0
7824,0
20765,0
1118,0
18318,0
8427,0
29754,0
18810,0
22729,0
13969,0
13865,0
16396,0
1794,0
23996,0
19199,0
18960,0
18546,0
7637,0
13899,0
12218,0
22834,0
29700,0
19838,0
27203,0
26477,0
27272,0
29558,0
26262,0
14593,0
5922,0
12200,0
13803,0
510,0
26892,0
7014,0
26716,0
10713,0
13053,0
18678,0
5454,0
2908,0
12513,0
15307,0
14656,0
479,0
5852,0
2109,0
21320,0
18261,0
23551,0
28131,0
9055,0
7121,0
18566,0
21118,0
19531,0
232,0
16924,0
22523,0
7300,0
29804,0
2402,0
11548,0
11966,0
25614,0
26032,0
72,0
22640,0
28697,0
2053,0
7090,0
19605,0
7386,0
4049,0
16486,0
5547,0
24101,0
9325,0
19692,0
22226,0
15783,0
6505,0
652,0
2817,0
29352,0
5785,0
28893,0
29526,0
1314,0
18528,0
25276,0
13911,0
8632,0
24438,0
23781,0
8628,0
10692,0
5416,0
27282,0
1207,0
19872,0
4746,0
1056,0
16866,0
3063,0
23595,0
6789,0
21551,0
13754,0
13904,0
28159,0
24155,0
29280,0
18259,0
6356,0
10380,0
29076,0
20128,0
9677,0
20916,0
1669,0
27960,0
5847,0
6695,0
7863,0
29742,0
19416,0
7744,0
10183,0
22730,0
9820,0
18670,0
20541,0
28368,0
19563,0
12919,0
28979,0
19080,0
20431,0
14871,0
8877,0
25598,0
3613,0
26463,0
20589,0
2534,0
20849,0
12267,0
10092,0
23182,0
21130,0
1072,0
25975,0
11746,0
5902,0
11803,0
27680,0
16362,0
21369,0
4580,0
15984,0
10990,0
9904,0
20628,0
27485,0
2358,0
3723,0
21787,0
6891,0
22994,0
24179,0
5830,0
1553,0
25262,0
25835,0
3148,0
25531,0
27878,0
17950,0
1333,0
28806,0
13854,0
23169,0
15240,0
5981,0
19471,0
29009,0
24430,0
8581,0
16973,0
13800,0
18541,0
11877,0
12198,0
1433,0
6364,0
19640,0
5396,0
10664,0
29502,0
28954,0
26051,0
19842,0
3198,0
27557,0
15143,0
27174,0
18371,0
1103,0
3654,0
86,0
4276,0
26575,0
8018,0
26851,0
6036,0
6668,0
6459,0
14238,0
4230,0
28640,0
7922,0
8404,0
28792,0
2567,0
10046,0
13075,0
27771,0
1655,0
14745,0
23110,0
26788,0
13919,0
25653,0
23283,0
24173,0
25027,0
12230,0
26741,0
21620,0
28551,0
6575,0
10123,0
25726,0
19072,0
8818,0
27599,0
28345,0
10202,0
22453,0
25343,0
22844,0
19714,0
10169,0
23849,0
24272,0
3098,0
15956,0
26818,0
25698,0
22020,0
13897,0
6643,0
8990,0
29642,0
29022,0
14102,0
12369,0
22393,0
5380,0
27986,0
15058,0
2692,0
13259,0
4151,0
14986,0
12387,0
16919,0
29832,0
1693,0
5109,0
2455,0
1859,0
27605,0
19326,0
16609,0
3229,0
27915,0
17940,0
6151,0
26587,0
7834,0
29003,0
20071,0
19454,0
29809,0
20544,0
27025,0
28133,0
4767,0
24540,0
22150,0
4213,0
23840,0
26694,0
23674,0
143,0
5466,0
6817,0
27255,0
11036,0
20045,0
12973,0
16767,0
7588,0
20423,0
16718,0
10350,0
18031,0
18456,0
14510,0
27063,0
21780,0
5856,0
10090,0
28491,0
14009,0
19194,0
6228,0
5449,0
20872,0
13182,0
823,0
19235,0
20856,0
20663,0
5635,0
21694,0
28363,0
18941,0
6805,0
24709,0
17222,0
22269,0
17637,0
16635,0
573,0
5216,0
14330,0
9251,0
13726,0
8282,0
2127,0
17918,0
5790,0
21489,0
25117,0
14621,0
21853,0
16180,0
3934,0
13395,0
4207,0
25340,0
1819,0
23138,0
27134,0
13649,0
22853,0
9066,0
15412,0
22889,0
11790,0
25497,0
4725,0
6421,0
1343,0
16447,0
118,0
17501,0
2133,0
20398,0
69,0
2557,0
1151,0
19734,0
17414,0
5504,0
10347,0
26429,0
13937,0
21046,0
22938,0
27234,0
25068,0
24725,0
22716,0
26534,0
12585,0
24391,0
15625,0
29364,0
5375,0
28082,0
29652,0
7645,0
26871,0
1868,0
10184,0
17871,0
27246,0
24869,0
19758,0
13279,0
23147,0
17838,0
20906,0
4552,0
17942,0
1398,0
20228,0
2969,0
2742,0
27873,0
19500,0
664,0
271,0
22048,0
1964,0
11129,0
3868,0
27541,0
20313,0
5388,0
16133,0
6021,0
8289,0
22884,0
27231,0
25220,0
24409,0
8830,0
1315,0
9693,0
12194,0
28968,0
17477,0
17931,0
19514,0
21314,0
28689,0
28563,0
6663,0
1051,0
14967,0
13702,0
6407,0
11462,0
1664,0
5050,0
17099,0
23173,0
818,0
8102,0
6492,0
230,0
13889,0
10345,0
20745,0
27313,0
4745,0
23122,0
17200,0
17496,0
2071,0
19679,0
25499,0
17960,0
2775,0
16344,0
15843,0
21714,0
11512,0
23797,0
7104,0
8141,0
13237,0
23981,0
26701,0
13120,0
18875,0
20167,0
15157,0
23940,0
15042,0
6308,0
29056,0
22314,0
2016,0
2977,0
26805,0
9697,0
27048,0
10069,0
29517,0
7633,0
2034,0
3970,0
3325,0
13276,0
25469,0
24742,0
20261,0
18229,0
20826,0
21963,0
8598,0
27088,0
29787,0
23915,0
15493,0
12937,0
27607,0
13492,0
27287,0
18679,0
12466,0
1269,0
29534,0
24344,0
22757,0
28292,0
13594,0
4835,0
28130,0
21340,0
6567,0
9181,0
15428,0
24913,0
7137,0
26061,0
1814,0
21829,0
26725,0
18469,0
22530,0
22660,0
27278,0
17723,0
7054,0
18892,0
16074,0
27731,0
28451,0
1511,0
9663,0
10598,0
23095,0
18317,0
20420,0
1936,0
2456,0
15385,0
25148,0
17061,0
22644,0
17665,0
5659,0
17557,0
8971,0
2513,0
9185,0
13524,0
18667,0
18214,0
16168,0
16586,0
15641,0
10186,0
10007,0
16331,0
7489,0
23830,0
28409,0
25860,0
9064,0
20131,0
15958,0
5086,0
25197,0
9089,0
13261,0
22077,0
25818,0
8426,0
16529,0
22425,0
23433,0
24428,0
16177,0
5319,0
10388,0
24638,0
7050,0
22360,0
27889,0
25871,0
24897,0
13467,0
16606,0
29752,0
16660,0
8812,0
16416,0
5328,0
10816,0
29671,0
3661,0
4358,0
24453,0
22490,0
13257,0
22670,0
1743,0
13176,0
24267,0
11774,0
1651,0
12006,0
13331,0
5614,0
22683,0
5197,0
6791,0
15470,0
3214,0
12227,0
10030,0
10829,0
5572,0
14721,0
27767,0
24634,0
914,0
6870,0
26719,0
785,0
18629,0
22878,0
10492,0
16154,0
18425,0
24633,0
15196,0
6577,0
12282,0
24728,0
29679,0
25738,0
27602,0
21744,0
25146,0
9810,0
4833,0
10527,0
12305,0
289,0
25932,0
7724,0
25015,0
14350,0
6594,0
19524,0
13929,0
23809,0
28071,0
18757,0
26710,0
1576,0
9940,0
23001,0
15799,0
24495,0
28850,0
25137,0
24181,0
24204,0
23386,0
20648,0
5642,0
3359,0
26702,0
15097,0
5793,0
26826,0
8033,0
22793,0
21577,0
28473,0
26829,0
9364,0
26769,0
10290,0
18818,0
9850,0
24931,0
6363,0
21223,0
27797,0
4843,0
3038,0
5958,0
1297,0
11941,0
28497,0
351,0
23458,0
1277,0
24261,0
8215,0
26048,0
17582,0
6676,0
24107,0
1593,0
21631,0
27628,0
27251,0
15934,0
5259,0
7452,0
14209,0
12469,0
6544,0
28445,0
29657,0
29721,0
26622,0
21918,0
22838,0
14605,0
13628,0
13773,0
1512,0
22798,0
12576,0
26393,0
27883,0
21958,0
18277,0
6933,0
20707,0
9988,0
6046,0
2201,0
5638,0
18557,0
28184,0
26810,0
17217,0
1041,0
6438,0
18584,0
16425,0
16541,0
3945,0
5461,0
15130,0
9649,0
2413,0
10148,0
20654,0
17032,0
20280,0
27948,0
2900,0
27201,0
17043,0
7560,0
16612,0
15587,0
8603,0
28199,0
16676,0
748,0
15901,0
19421,0
318,0
19142,0
19806,0
18778,0
26747,0
9829,0
15515,0
25879,0
24360,0
17064,0
9444,0
25224,0
8245,0
12643,0
9652,0
27765,0
23385,0
10987,0
5781,0
17461,0
14574,0
4742,0
4730,0
7414,0
17921,0
15706,0
12105,0
14994,0
7139,0
28182,0
24056,0
11130,0
17236,0
24620,0
8323,0
27672,0
2867,0
20222,0
24611,0
17383,0
8409,0
21437,0
20551,0
25990,0
22195,0
28699,0
25365,0
29586,0
16469,0
60,0
14844,0
27464,0
8226,0
9840,0
9104,0
23579,0
17536,0
7699,0
20522,0
24238,0
13363,0
23904,0
10215,0
9694,0
27359,0
1338,0
29656,0
19521,0
15270,0
8095,0
24548,0
14495,0
29595,0
12551,0
25945,0
11294,0
7902,0
8542,0
8408,0
26556,0
29393,0
13341,0
671,0
10147,0
26219,0
18943,0
2524,0
28975,0
1087,0
10798,0
25042,0
19620,0
20447,0
23848,0
21396,0
1509,0
17010,0
4128,0
17389,0
10636,0
959,0
3890,0
28300,0
7575,0
6050,0
24593,0
23864,0
15362,0
10605,0
12577,0
24374,0
27522,0
22243,0
24715,0
25431,0
5398,0
12229,0
17430,0
20559,0
20359,0
10022,0
25758,0
16314,0
24762,0
17088,0
21670,0
27431,0
27696,0
24561,0
21472,0
1533,0
1795,0
11096,0
25095,0
22014,0
9231,0
16135,0
3502,0
28712,0
8103,0
11391,0
14929,0
16991,0
2679,0
4773,0
17072,0
6713,0
8689,0
23799,0
2539,0
27054,0
24198,0
21132,0
7600,0
3885,0
28261,0
15995,0
17646,0
16210,0
3956,0
19882,0
19468,0
14129,0
5798,0
6117,0
16822,0
1757,0
6622,0
23450,0
21788,0
2327,0
17028,0
15488,0
27859,0
9355,0
14054,0
11770,0
29629,0
14269,0
6820,0
5715,0
21154,0
15135,0
24197,0
5308,0
4466,0
27950,0
5191,0
1248,0
21659,0
29706,0
28003,0
2716,0
15339,0
25693,0
303,0
18899,0
19559,0
28691,0
21662,0
7654,0
2414,0
10600,0
19233,0
19890,0
17144,0
23430,0
27898,0
12616,0
27838,0
20609,0
15830,0
14578,0
28320,0
8652,0
13873,0
13838,0
20259,0
23731,0
5028,0
11135,0
7485,0
17512,0
1810,0
10989,0
22680,0
7486,0
397,0
26647,0
20499,0
15225,0
8332,0
4491,0
2083,0
11167,0
25767,0
25483,0
26062,0
17523,0
24976,0
15994,0
17986,0
4460,0
24309,0
